x,y,z,bp_rp,mag
265.12450471656916,-882.759184101046,4.443156491650276,1.5221281,15.244129
390.8730250153217,-3331.7626450211146,-3486.5817082508343,1.2285576,15.840754
-189.8836832786951,-2275.2477963810475,-1680.71955218448,2.438201,14.802705
340.703660501849,-1363.885084986507,467.72879045989237,1.3052492,16.073896
540.7964088487735,-906.9854927411599,396.9361124700096,0.9865866,14.375696
-134.57526704221758,19.36891125405562,-29.114983109495512,1.8194504,13.987773
1093.4024291457656,-904.5452819216755,3147.9879307311826,1.2807808,16.704706
-589.8072949651264,-283.74273421929774,-1728.3438542696886,1.2547417,17.73207
246.90877168160898,-546.9371717143844,656.3769227192888,1.9208508,18.168076
-121.0005655421943,154.80180423413483,-571.1271476994322,2.5804977,19.112696
-485.91559251071203,525.3225960967131,-548.3336831274269,2.159958,18.769066
834.2173308299149,-2288.7889333243015,1201.0716064144708,1.2684422,17.236616
-410.90355999712125,-138.96971455072446,-599.2490482539184,0.8955555,13.768363
198.44197276250122,-817.2080922089843,-165.7234743011641,1.2370663,16.306816
536.0450833004787,-1051.7090693643213,-206.61153557784831,1.2201481,15.512272
-633.7118412752554,-1203.6546260152172,-859.3512224087698,1.1088486,15.7875185
86.13572070883585,-1399.8009088990502,-719.7935082688408,1.2019882,16.076681
-1281.745367037579,1012.046036924203,-612.4021602978506,0.9316826,16.268227
375.11951090181,440.35428007938674,-395.757451370619,2.35182,19.380299
-251.32873929829336,346.0529577278861,567.7223756080077,1.5568981,16.538342
857.3783989940512,-1275.295518603849,-264.7727073738797,1.2852955,17.542084
177.76694180384058,-61.00736269511769,51.29783945013377,2.6571903,18.12401
454.96152670853905,-1139.7180988401547,-902.3150350468047,1.2715931,15.947208
453.88686236218723,741.1937657251615,841.0219917346549,2.167179,17.88936
1470.602351892413,459.2609858932806,1847.9509961710864,0.8308954,15.194806
-1109.2845798613278,110.80634905808719,-2086.01539528051,1.198019,17.065819
-309.8661136160526,2343.4976022321434,262.3951148940728,1.321516,15.949581
-739.1898001315582,577.2598746754828,-666.4496718242378,1.1389656,15.935824
-129.61439646702428,1560.358336194904,77.26120879791816,1.2608871,16.378704
238.69706578770095,1357.5319330614889,-1630.2106187463573,1.1836758,13.993294
-982.9773234414513,-560.3667634342162,-1289.9766459994037,1.1783218,16.701233
143.89091272356413,1090.1642239398432,339.549972164836,1.4348755,17.29317
-271.4939694322571,1283.4848444264267,-497.2345968938446,0.8814907,15.101629
-1045.7805879580033,-1006.738308419518,-1121.2277390442816,0.89295006,16.693735
1006.3370046375002,-4738.190485252731,-964.4423325391407,2.1147165,14.097238
2123.3203808974963,-1403.1700811034577,1179.8465571591541,0.79482174,16.241228
89.4955580977132,134.56781582356416,-292.57355489339506,2.5832272,18.70932
1037.118278416443,-522.033546394639,1536.8037182616881,1.1279259,16.619408
207.25019006397005,629.8502372052255,-252.7228805808065,2.659834,19.460592
1707.182228916394,-3665.7932275232624,1086.6193193431604,2.2013578,15.976849
-1461.3613413425578,-518.9177342808331,-997.7685158766749,0.90505314,16.284231
-458.5401762714599,-1552.0003733236872,-1604.589712020159,1.8073292,17.547262
-97.79380216377943,-468.64987407076296,-350.046696290644,1.9953632,17.68602
-1526.347730917964,1350.594568625153,-1283.209274359354,0.8644428,16.816282
-388.19057046693234,880.197607396944,-145.9997693355899,1.8184834,18.007895
-18.123136180836052,-265.0275785982296,-120.83716443088585,2.1127892,19.346088
-179.32611958412872,359.8564589947617,-258.94372208809455,2.5192928,19.62971
232.24408567271374,1068.7322651041677,-393.75219576635516,0.95983315,15.750716
2269.772531524436,818.3617313434372,1619.2477581093622,0.975091,14.778735
594.1505766788705,86.71456407863258,1287.3795694197056,1.8472843,14.539685
14.107433344685703,-14.245094882733971,1015.5490643724924,1.7352238,17.685946
427.72372795694474,912.2842284044467,-607.5441611123016,1.1595049,11.515061
-225.64130134279475,-95.27133315789258,-256.1345719654741,0.7908077,11.581702
386.1786365221848,-623.798412083971,1799.5044440485747,1.3183422,16.673267
-2471.3230534750187,-2178.1164163340377,-4347.4472047115705,2.4934416,13.821015
928.0060883300179,-1752.7147528071644,181.7394864759275,1.0632324,17.02695
-372.25280918491796,426.8374350020141,-407.55412420393003,1.8341808,17.294333
790.4629860921473,-3041.908834673788,989.5091683562822,1.3083763,16.182055
1087.2717453181533,-2215.015217247683,1657.8207109985822,0.99368286,17.179102
846.0092573692092,-2421.042755035353,2014.2476589615303,1.3131886,16.058659
388.5720939877927,4976.613041124545,3692.1789048080927,3.4730806,14.41989
678.4440179230505,-1537.959126492569,207.8942964370159,1.1474838,16.95722
-907.7558826909142,262.18431692982006,-438.98825462692355,0.864028,14.07103
32.292207961968934,1034.7581529072236,932.7886347357013,1.0757608,13.168218
-288.6318749819659,-623.9827492752484,444.92226048870594,1.1538811,14.844531
161.91273987917592,-947.7763546654469,-311.7960102802927,1.4660816,17.51593
2533.5003326017722,-2296.5314980137005,2621.750308598411,1.1106987,16.672869
807.2108409679792,-1518.4326623421282,-847.0279869831069,0.88230324,16.360447
-54.805587649682096,633.1164052175199,-564.7120312429422,0.803998,14.12552
378.6561093922831,288.9850644992377,-13.697610562213244,1.3688402,14.687146
662.280754092883,-522.638578701456,252.47556291610073,2.3750534,18.276773
-800.7831203090403,1297.0086205337561,-1055.966547895855,1.5497303,16.825266
281.53719637445784,-802.6928616127556,0.6785629368716427,1.7458324,18.403011
256.06402684783427,-1594.3931186958102,-1187.7001721834486,1.0806828,17.148981
852.8854549297259,-949.7951918955966,950.5701163616285,1.3678684,16.893785
261.6902777059172,-188.3839194713152,-296.47788911329695,2.5688286,19.021566
481.2086486725611,-963.3731995195544,595.2268516832282,0.93660927,14.680075
999.6687936915868,-628.6624863896802,1593.889289201276,1.1722231,16.094013
940.2416662132885,-2348.480780843888,1479.8310471499299,0.8894663,16.348291
-434.5857699501739,-550.6986685926108,-512.746483179546,1.6148176,16.621416
-284.69775197472103,-1853.6770393177253,139.29795734773595,0.9390497,15.320245
-668.8937207402145,631.9983833696124,-825.3643558315133,1.4021587,16.695242
-53.92518291847578,103.86037643620996,-409.68903176893787,2.6854343,17.950108
-799.2749390759002,-2050.303698002774,-2659.63287675713,2.621194,15.319607
-134.709200004956,-1057.4510648415487,-869.3504619420171,1.4973555,16.591534
479.1512086199277,-929.7202042680609,-485.2801384974361,1.140789,16.65072
-1029.591359063859,-1988.6442863733728,-435.8693307707684,1.1411018,16.963037
214.78020716551822,-98.6442050428013,-299.60642315021255,2.7281399,17.788868
1422.8564927941281,-2063.5226790331776,846.983985692201,0.94505215,16.45009
-491.4896777811635,-1477.087231724737,-2995.427837145917,1.6961355,12.725183
-1177.6910811610544,-1086.028301543822,-3428.6347235677804,2.1836405,15.869584
-853.7926442963087,332.5191134629363,-1454.1016586613096,1.2191296,17.482384
-987.4637795876167,3278.075156039807,-1102.2596860170495,0.96033764,15.271859
618.0746459068481,-1310.4847910467395,282.91473567007756,1.6646404,17.348852
278.23546306918075,210.44564349156627,-206.07258987515203,2.7694473,19.305634
-160.60864916654393,-568.1349849309453,-401.09792185095296,2.039713,18.925165
858.3817269184995,-910.5924696296541,1324.1005689686751,1.1608753,16.112734
1446.6051524790278,-1003.1405252592918,988.1967999257135,0.99825764,16.417263
1047.8549199478398,-345.9943179615367,1183.998572398807,1.131813,15.804216
71.25744783340815,-1267.3547808887956,-701.2142579577105,1.1814594,17.13586
-295.97348410728733,-191.58076714129703,-702.0596244360069,2.3511524,19.042519
-47.73729995152367,-184.07778950949805,-130.4271703074718,1.9486446,19.725239
760.4728542007265,195.70140262879266,-19.73673731763604,1.9468613,18.817698
679.2992667776834,-175.8757716372991,1720.8760418475215,1.8250065,17.878435
-84.42532237741167,216.9800820923176,284.1033227810577,2.2773933,17.078428
0.9281093266644038,-35.208916766453385,-910.0303837384045,2.0158443,17.677965
-387.2923923616168,-119.73888673538372,-919.9617156665192,1.450943,16.641468
-2001.917820347873,-2236.506504729555,-430.9007920155626,0.9456091,16.257986
-517.6037488791904,-356.5919476920491,-667.7167337256107,1.0257101,15.22993
-1049.9747500843043,268.1594833923203,-1004.6711887465954,1.0561352,16.410255
43.95582262279109,211.49775003899256,-37.868693511697685,2.7640495,17.704222
405.50506718489777,359.434588110882,117.08517532958795,1.1463699,14.346777
-1773.0687693937111,-774.8992178631505,-4085.8269650397533,1.9553928,15.077844
1025.6244646404587,-1943.340279104642,1578.6544645498682,1.5333967,14.052842
36.271388660051855,-1605.2513939277133,-1457.5811130006236,0.92306805,15.838857
175.57132569300654,-264.05332782618956,4.045417095529979,0.091911316,20.213161
-0.6374234727888717,-849.7208665941284,25.10445995777902,1.2448282,15.703116
42.9856116582007,-754.7468349700106,795.11260377778,0.94815445,15.408286
-510.02052819863127,1744.1472155450601,-1022.4235168309455,0.5784788,14.609543
499.0081338232762,-1071.746763552694,167.80801326677417,1.2175732,17.593065
-1299.8223182929235,-1487.788336308849,-2666.2922111113553,2.2287674,14.5437765
-226.42833215209603,-174.55244958902074,-551.6743924012832,1.8722448,16.828598
84.24489784106773,631.4717033925023,54.49292166066281,0.85044956,13.246844
1383.9566127568044,-498.5907767014426,503.0565666249478,1.2008476,17.616287
-216.4398506556541,448.87594328190437,-209.5062204293029,2.4980068,18.71978
418.14597642619736,927.3122707546244,508.15048364945153,1.7255287,16.5765
753.3628370911129,581.3531837900383,1469.7811935549057,1.304081,16.33106
1436.9284289930745,-619.6205654584385,2666.776852514004,2.677431,15.578932
-59.7612057239279,-221.52489290243523,-93.28130042524059,1.3708496,18.363997
89.87049121696938,345.1411455738688,-749.5274606645884,2.280756,18.508963
-864.9348338252225,171.6127314483738,-1774.0416673294849,1.5084801,17.363056
-94.96517036644393,133.98300283323513,-290.61313551780233,1.6114407,18.61567
-869.2505384323752,-290.2103178586784,-1926.0330312808187,1.1628361,17.220926
-72.80263701067732,-176.22407291427643,-237.74972490022543,2.7655163,18.731436
605.3822674839827,-1602.4320397925476,-132.03589198244782,1.4935608,17.026583
16.30632417466906,1012.4875307231587,733.0716523070669,1.3879452,16.736671
-820.7623005548086,-802.4996597961807,-1495.0533293719086,1.4059744,15.781138
423.1348761081308,212.11898146163549,780.8964702515125,1.414979,15.785323
-146.68695251181487,145.9970255312405,-551.6105303850283,2.628788,19.046774
-234.67981075393018,2.8191263810113343,-454.13993895137736,2.7381458,17.77733
1549.3694348549493,-469.2270938270483,-745.2738662633745,0.8144455,15.566041
410.7622262142463,734.4594624330497,353.8999167517967,1.1542234,15.086293
-444.051217794897,-131.464228874001,-1930.0317054544016,1.2383194,16.8138
-622.0977569331279,-571.8493826554812,34.56761481272116,1.3223209,17.262344
-1737.0342173598804,870.3197450156357,-1405.3390444207525,1.1664963,16.745405
-359.9955102199959,-345.19863651450686,66.30364966026889,2.383276,18.092554
-1014.8036915365672,713.1615654608638,-2593.2690522858106,1.3805265,14.549015
-831.8462811498434,-4915.342194036374,-2074.753206672145,2.3192368,15.512439
269.5351464155526,634.9501026902036,895.6509770556036,1.6505537,16.823385
-58.04658807410131,-1509.5336009245905,-675.829621537063,2.1588278,14.184346
-1858.1363578175567,1937.368169915343,-1579.6917911838063,1.018652,17.179567
-725.7302049712653,424.4484319630548,-1838.8099734064208,1.1308975,17.550587
-455.2308386381686,289.38908478457495,1339.65130284856,1.4422932,17.585571
-93.58885832191248,-547.7579673034699,-864.969055473845,0.76673126,13.003862
-96.25045151787064,-1096.520889240305,-906.1720887986517,1.3163462,15.181649
-672.3877761534362,-643.971387727031,-2121.1591070447016,1.2344608,16.835846
186.33822646571895,62.22689056328995,9.879013195537896,0.7048607,10.119948
396.56324066733174,-565.955788086917,252.4468529557491,1.2008324,15.751503
-100.76207841657131,377.7615593443589,-144.05265725628945,3.0355892,18.324844
1362.4322287619916,-3428.2161822061607,335.352530576258,1.0576954,16.017618
-321.6890874934719,271.67600842916477,29.939270944515567,2.4708366,19.40145
-26.119671567591794,-1745.3460687021388,-1955.8090046643194,0.7164812,16.004606
-209.64225750551543,807.2391859855596,-648.8263255504776,1.0764437,15.471434
675.5331474194091,-341.28599872449803,978.1548656981422,1.7626991,18.52675
339.50138887764757,595.3893779768736,1112.4478451686307,1.6274567,17.167297
2074.8234978258943,928.0234130170574,4452.093290436298,2.5622387,15.133672
-531.817245282982,893.1005321482617,-1480.998294483951,1.0630779,16.94974
-187.04923713484567,47.472239430795895,323.248769096521,2.1822052,20.242645
520.0898440558539,-1809.1819677125377,572.401411529293,1.3532705,16.132524
1744.9226450327974,-1609.0282527426198,2746.4712614119244,2.0260115,16.585865
-491.0475965457836,552.1563356613393,-468.5233090523008,1.9235554,18.00304
923.527112877107,179.00173981228266,42.50218885060547,2.0960693,18.189104
-172.55559749943808,-810.8196571156889,64.633765676234,1.2795172,10.800972
251.49392019547247,1225.9235202274692,1581.2207778972365,1.4860039,14.609903
3361.034565209084,-1218.979044756724,4985.001409306774,0.9803457,15.749889
447.727747617551,-662.3314047958189,933.2917021389425,1.7767735,18.02661
-16.700525632001167,-772.9243934359728,47.00158003133524,1.496625,16.499813
2062.4925209182497,-1839.9658479034715,2400.514951204736,1.1291752,16.740065
-9.129050498293484,-213.95003833090954,-304.1671240590752,3.1198387,19.636152
-1105.3042504218113,980.7806919352406,-1921.3344379282757,1.3070507,17.467638
839.8550412283904,-773.3897616564396,2354.16905378192,1.7490311,17.262592
-540.5975726531032,31.821227054858248,-365.3173719179205,1.247199,14.912967
194.9159733834307,65.72585011462262,-23.370546011915405,3.0162487,19.569946
1155.4719946869889,-788.1260427976844,1816.9290331822679,1.2045336,16.18285
-189.80289735830155,1828.8334577491057,241.03025735006912,1.0255833,14.779902
-125.330531675687,383.6862208924885,-389.1137503533655,2.4547367,17.925556
64.69948795559449,-386.7285430543097,195.14303058653678,1.1096058,14.362208
303.7672912491606,-2057.3281946556162,-789.6766194675132,1.0824566,15.750816
-2203.9278113664905,472.04118743492415,-5087.126858992635,1.9174519,15.32936
-111.83879549548872,-104.0042168037146,-988.8627120473994,1.7720966,17.243347
-264.3870945608977,834.4064998160204,1153.7979500222812,0.8459034,14.982775
-233.32169453394772,671.983164315614,-348.9649424686287,1.572586,16.796791
-1619.3801476632661,245.90618481564675,-2032.5633711098246,1.2267275,15.939878
602.846336775477,-866.0308044473664,285.1907292211083,0.94786453,14.707593
-200.83742748896628,-101.53095141170402,-352.29665616192915,2.0925484,17.087046
-643.3335957469168,2634.9892080634995,-707.3398598565699,1.6685982,17.04721
289.82853931285894,-307.06731496724905,-153.13794672760014,2.8315105,18.394075
438.78468528165405,-435.11607986797065,-183.52603860002117,2.693798,19.106976
17.527929419462918,492.11709910324697,62.536963293472134,2.7020054,18.355429
538.2448841275349,-1833.327918812833,-878.33726893599,1.1123781,15.92655
-106.7713416692539,500.54230696347037,147.82956919151286,1.3857079,15.284094
-1335.013978134893,-968.3859327633164,-2427.9422485425102,2.2528515,16.928665
-1298.3917066116078,2661.5172202052568,-1060.455323146503,0.88784313,16.214088
475.25133684746766,-1792.9137796480788,-23.548392176847546,1.70613,14.22702
-1060.539505373544,-1499.135457723741,-262.71407933745996,1.1795187,16.761862
-389.7872650537831,1791.4829787761653,-1065.385343108401,1.2010231,17.900486
63.18455086231184,262.57267644637926,-811.4962798669253,2.3796387,19.320328
-1294.1285338683704,-273.2466016368919,-2351.628592044372,1.4570827,15.9474535
-797.239765532174,-471.1419485260835,-1527.09377525905,1.6545982,15.222991
-163.59876567874747,467.6913656713884,485.48569508668623,1.9671841,17.418385
246.46087892025693,-1172.5076824669234,618.920533980594,0.9017973,15.185432
627.3267954326326,-2336.183758784713,-311.59635375933476,1.2207689,16.358124
742.8166197849479,1791.2333646673726,604.5585432093012,1.2077093,15.629626
751.8041617986916,727.6357657068579,1814.751215223265,1.7472687,14.835126
101.42866389487199,-444.05509944054944,-674.7786436048157,0.84290314,13.714374
2794.1008039036724,-333.33700687995173,-1081.1843148809098,0.9600868,15.778241
-1397.5501620701023,-392.1234928572288,-2131.923859054198,1.2429066,16.356255
-392.2117707939888,-1509.3260287948578,-916.5732767761959,1.494606,17.479805
1021.3640682826173,-1775.080465860717,1957.0340975527663,1.2556973,17.000362
58.810448746123775,-782.1078623463261,32.233138536211406,2.332571,17.977663
262.95846099744233,-536.6127870326626,444.32237928136243,0.79486275,13.982074
1182.1357378672521,-1641.7427939993995,839.4347457177237,1.3414087,16.16591
-152.31922083562358,-158.74986650561587,131.8751614959075,2.0383892,20.44069
1248.3663036243768,-861.5972646623733,1743.592791357597,1.5208197,16.694841
237.3418749287349,-497.9824062626789,-430.72514808148367,2.5289822,18.325193
-22.091970595340705,-497.17086874032765,-391.05053174502626,1.7543411,18.653181
1459.4832436937709,-379.7951146711957,339.0195547162777,1.4481525,17.018099
-70.66620210589402,516.5557114476371,438.55867280623187,1.7018118,16.833382
-537.0486741770718,83.27729055064233,-1256.893432703131,1.2484188,14.610605
286.0907160257659,71.80925206470877,521.8457558624641,1.1434221,14.539569
312.30283084992783,-74.74082840471115,852.1519758639693,1.9467602,17.932604
641.7707885169873,251.72409069855198,1190.852210388769,1.4063148,17.786036
-2137.1968063011036,326.5110258406137,-756.172549862169,0.88396263,16.93441
-624.5210112598157,-1554.1829551173482,-3068.4260701486355,1.0231876,16.7105
-48.394841898013,-93.69358916133679,-251.3846551075921,3.146328,19.407051
886.1486234965738,-1795.142961790141,1644.223148610397,1.2802296,15.949603
427.29879251090387,-1022.0512032238072,-607.5412244669617,1.3165169,17.033691
-96.59823554787472,-2004.2153355539983,-198.22507433990316,1.8228474,17.430147
-263.9187311194797,433.18929547363797,-1190.6703233672174,1.1379147,16.075891
2093.56281037028,-4390.133414956213,-100.3041182201073,1.4207754,15.981036
-40.249080715610624,-132.34647728850123,78.55886197169957,3.233059,17.996292
-48.41446303351225,-2536.324964502601,-77.43448807144173,1.4953661,16.489088
971.4719515280038,-3644.5182085371257,-2206.9310491498604,1.32518,14.901006
-441.1099069225896,-1249.4733885970047,-1097.5649654006104,1.3043003,14.780159
258.78664503713634,-1086.8848884114277,597.709600699962,1.1541338,15.963554
592.4507981627809,-306.473911917175,449.35305410840095,2.376875,19.177668
83.0315410599309,10.648320833898081,-92.19838629560124,0.8671799,16.813663
35.85519248366948,-228.07791670581122,832.7459969013648,1.1195078,15.39018
-1506.056413222644,935.8307214599002,-2452.7800879738315,1.4319029,15.852614
26.722380716116852,-2046.7869280800514,-1413.728137247241,1.448328,15.773773
606.9475640989566,-847.3158314787503,994.127545491421,1.8349218,16.571081
-83.4565391831552,-21.2444183427611,-587.1523293260968,1.944891,19.02284
642.5914733984678,-1248.076904570118,-200.17637508621615,1.1072102,15.990891
1184.8854157786213,-964.2194308937696,1869.01791514921,1.5150146,16.393019
-1220.8877126622017,-821.3288879613172,-3231.617345608073,1.5017862,15.984467
799.4237421227965,-386.2027863249407,1031.658872057084,0.6164837,13.361048
651.0434159391906,-2050.5768265185607,401.8433061936613,1.8944826,16.4032
588.1122851091548,-523.610364010374,444.0519175409444,2.0878944,18.599535
1090.1543912697073,-2094.7768111071227,-282.8369190924907,1.217762,17.226263
378.66417265876635,-93.7789808127664,609.4634237895866,1.7636805,16.507833
-201.93331536599334,-165.60349273441156,-35.57464703849063,2.995472,19.253006
1136.2740089566203,-216.9802121824184,1377.8140975221133,0.8753376,15.411546
-388.6050256296119,-15.859263080471692,-1271.384077804851,1.7773266,17.533628
-1278.8839301929384,484.80537891631855,-946.8670415022854,1.2718115,13.125122
476.1068596969252,-153.77605829951395,344.9361100677864,2.0231514,17.136438
78.31594950740244,62.36324792513879,622.2182966421163,2.1615086,19.394571
-1367.0219140394338,-744.8883471406532,-3175.9703579810293,1.3871298,16.256912
1058.172407530237,-1377.4652778989278,-918.3138371263057,1.2935352,17.303614
56.19144972982421,-1117.069754329901,-925.2352375346267,0.8907099,15.113982
-68.95059583261083,-2728.658500491972,-1526.9647288175147,1.9432125,15.600622
484.554008260948,-847.5594074553184,-969.0595344091889,1.2623215,16.866999
134.69395643826866,-523.285873577991,-970.6262562435958,0.95121765,15.25891
-448.5838070451094,-427.9818404653352,-340.27144754519986,1.8048439,16.944052
-197.28891961973474,-2392.1490965957023,-1570.4955377783303,3.167511,12.37609
409.6612775180103,208.56165735118736,640.5721345824519,1.2933588,16.262678
-1820.5017760128044,-985.4515487828987,-3105.2881182482693,1.7377377,14.45565
-147.83517700296545,-2371.099641661468,-1849.400644510844,2.148879,14.619185
-339.2360035507759,-1426.9583540159906,514.1528164262244,0.9739685,16.352411
384.07738184202935,-945.59678564322,-403.89392985126,0.7765436,14.089566
-305.32936896735646,1537.5077191204905,-1021.0662106113401,1.4495239,17.993382
985.5569088944592,23.346304447538476,1646.6998989852857,0.8267679,14.344626
-19.715855086807583,73.95729754939278,151.82614813708844,2.0299654,14.750455
419.6272821052043,-287.7708307712431,500.1937308864685,2.5433865,19.524794
220.8911627258285,-580.5693447578428,1120.4931217716046,0.72816753,14.507369
-181.42093657795593,-1814.394807100544,-1047.473753354079,2.0096169,16.175684
-389.62509212819043,-2792.3174308613925,1480.5613581654277,0.85845375,16.856533
-315.90357253158305,-1762.1422831403243,989.4471345924331,1.1016369,17.876257
940.274301921096,-181.80791625295475,-994.2286443609976,0.9644079,16.399487
871.2555623737713,1246.7919935221657,637.6279974438714,1.4258461,17.361795
195.41170115839233,-2190.9018632134153,-1169.9922403330895,1.094429,16.977375
-957.1555322505545,1239.2127475254176,-813.1084929474268,1.0714607,17.32661
429.5617664942206,485.0229735030916,59.92453788731345,2.0961971,17.470493
-444.857053915682,202.65875767764973,-1043.6293017625167,1.0175781,14.368976
-948.4231363984993,-111.92939373595192,159.8513053854967,1.4093952,16.911999
374.29864187967513,34.66923091393407,792.8318617924303,1.384368,13.299302
-628.0966678641063,158.44614828149318,-164.21227957781602,2.0792809,16.818892
1439.2538335230215,629.3347779283904,-1166.9724781587308,1.1977463,17.59385
607.8749760604012,-453.92545411809385,753.1175505241147,1.1224508,15.309795
-501.50803805069734,160.9881509365064,-142.5449037524455,1.6368914,15.194445
250.85683890146427,-241.32068597731438,-86.14601787771606,0.98838997,13.260499
511.77985446521166,112.06756020696476,-387.06990207700403,2.0867023,17.753122
151.4592846622932,231.02860318902893,160.33226989357792,2.6236439,17.07654
259.5558718384299,-372.6314666904313,662.9058716164628,2.6086159,19.323326
115.18592273855982,-762.2477273739934,14.19579907706115,2.177804,14.686755
-1081.3479602305185,226.91457365010035,-2559.46627680151,0.9266472,15.10408
-282.11457516510444,-1196.1465950098263,569.572036612857,0.9319639,14.681324
-36.87960657378865,381.21036221387595,846.6116163296775,1.3076096,16.760656
590.2911046832411,1260.976824561713,986.6561160389364,1.4409237,17.435167
-53.22976325672311,209.62035078663777,408.6341189021622,2.8462334,18.233727
-1546.0287262093445,1469.62384653384,-3004.058163999616,0.8798084,16.488512
-287.4279335713787,-1023.4040764330879,-1939.158474229877,1.2339439,16.728842
480.1123340656845,166.1561767930446,308.6051241239835,2.2691097,19.306314
-735.2194228458803,-148.25612497134514,-1217.0424444711934,0.8190155,13.95145
411.44216015976554,-4224.09097858775,-2489.807713446084,1.6500721,15.187401
-415.326605145291,-1123.3524188578322,-2751.4220806191975,0.90567684,16.319294
-403.11949175103484,231.33363819008724,947.4676885494831,0.7793722,14.537373
-908.2762861545723,-325.3293719564479,-1458.8657197698994,1.3744383,15.538452
-1147.5063245180977,-844.7459250569513,-1675.9956884191245,1.2834702,17.082003
-219.93120053254881,-1698.2452297118598,-1955.9924183756584,0.9787817,16.38614
-120.72222959834676,-352.53516868558245,-370.2554904448036,2.6672573,18.713415
578.2869601776479,-1026.1812023833097,-217.30533160760925,1.0403318,15.020853
562.6104063193188,-460.5106525671531,807.4186590212591,2.005785,16.754875
1511.2849423819553,-2489.2311128436254,756.1199419043179,1.1403465,16.05014
-2662.6114870397932,-3507.6522095283153,-5324.060863278276,2.1242685,15.006631
2988.9375984246076,-2981.2522525677655,3050.8182802845013,1.6648388,14.986221
270.5062723422553,-937.3971170593248,1033.5940566213048,1.1458263,17.10245
1202.9041295788693,772.5499156406042,2328.3164360874575,1.1355562,16.651283
818.4794035140815,234.03401775190588,-321.5443929617778,2.1917858,18.054228
-595.7668820183856,-514.4850479268279,-1541.5106440954082,1.8924866,17.85655
360.10787768326014,146.13027759999414,-2573.6854907374345,0.95033646,17.078175
1944.279219711763,-3079.563036626706,847.5063247879974,0.97818375,15.893824
-1082.066214430937,-395.8233236667676,-2043.252972204921,1.4685192,17.158419
-35.2840290859739,-34.423909031102895,-205.10213781739373,3.0795765,19.361313
119.02000768247274,-1119.7970842978423,-497.3275699772489,1.2690878,14.285549
-734.6168930428291,259.1100093273875,-653.781848861541,1.5203972,17.12441
611.7483879089513,-2006.4057404567839,154.22521478962744,1.0571575,13.439998
-985.317294794756,-293.9813306792756,-1102.2092239944775,1.3723793,17.293001
1162.529663593274,-1270.2455520818887,904.8568068473816,1.0482407,16.791563
-995.4547148943407,-183.53445185810133,-159.6024240599526,1.1533642,16.699677
-308.0421922685435,-281.8870450695445,-507.3486569305524,1.8225632,16.821272
136.80814714749312,452.6974521739874,1525.5554539839277,1.6388493,18.457176
-446.61778609646126,-1295.7547543437536,-1850.6349718940153,1.3978024,16.742453
12.10075903242832,-1407.0855275035133,1259.3711136235388,0.9893589,17.032768
3.9536178060635425,1162.977997251514,-227.82426776952119,1.3786879,15.922855
97.09465743538138,-57.83136777434222,171.60865909997327,1.7707424,14.473897
966.319400251198,-207.500312213872,1738.9554802555876,1.9187059,16.592787
-759.5782492690465,1557.772078807527,-1317.1126543955986,1.4342537,17.680977
-1597.9507245522775,1825.9001961860558,-791.0747077982966,1.0696325,15.927593
265.1956546876154,1254.9312723999344,151.70337341864075,0.87917614,15.681427
938.7795717955796,1401.173497934388,422.97848880481183,1.1948662,16.00422
589.5973573058848,-349.22245754255005,1358.056553593188,1.5976009,17.16373
-732.2486683401914,-417.8157691442156,-1426.4365311846714,1.3216038,16.801031
1126.6340747805991,-1697.3415300684374,46.108693032204215,0.9859314,16.196037
166.7024777641827,-261.6639264453551,210.40583992788305,1.7413311,15.284464
119.83048084928518,-802.534404418111,-233.4303769437988,1.3163548,13.943625
1346.0601678687638,-741.361228214848,1672.466920528145,1.0361004,16.069931
-17.472492215562134,-1504.8728058218855,147.53600161275412,1.2028656,17.106941
-971.9329239804873,-435.454213713281,-1401.9235559800604,1.3289871,17.665941
-624.3312567463361,-583.7263855183976,-2535.853364072783,1.4587908,13.085276
-207.91576682709464,-2124.943240080177,-449.3228783425958,1.9151154,16.536295
-19.38898404402367,1489.5795649416543,258.2532699568279,1.3970547,17.95324
-665.6916694487393,-437.6888071425901,-895.3726184154203,1.3397045,16.682158
-1025.495454352696,239.3897495615746,-1901.5335932544422,1.1578674,16.889917
375.2571265982252,-1373.8007648366756,-1292.1138399466777,1.046814,17.208069
366.7993902430487,588.7325022363435,1097.8941955474645,1.5993595,17.294529
216.64053702301985,-304.5222343855269,-110.40365502175614,2.1896076,17.071733
355.80532962854744,-525.0873538843824,259.27954534248227,2.544592,18.58922
112.61752410490439,-242.22280613678396,274.2492517461569,2.004344,15.974063
554.8310512422971,-211.16359056367492,640.4533227255214,1.2805443,15.904207
-89.8037030591863,-693.0168431363326,-243.75783209794932,2.0492744,16.981312
1508.8822727626573,-1758.6893047260141,-100.8421765821314,0.96990776,16.795135
-405.753159779929,-240.9705533138554,-692.0471193930568,1.0496435,14.687673
-561.4102705053747,181.7904850989262,-1155.240481959586,1.3905659,16.825598
1428.625102972029,-2955.150314556848,798.8402506427212,1.2975407,16.55211
510.85233527485127,-393.5065027213612,929.4092498327342,2.1598415,18.76179
404.4262235656305,-543.37109979135,1552.0953540915539,1.468647,16.933647
595.4021820214703,-428.8943279666134,1387.6276847451413,1.6727943,16.7418
-107.35995352447686,-876.23955565074,-884.7891550416172,1.3261509,17.541952
-851.5851321594483,1320.0278768262797,-791.5067169249761,0.94914913,16.521622
-568.3663338996638,-128.55231820309038,-2255.3720581345237,1.1856289,17.315758
268.4489668878568,-223.72674408271908,-201.99087660183443,2.8779926,18.682219
-118.09873878744784,-200.3133593088046,357.5659415310455,0.70772743,12.098815
750.9859981948305,-2288.5231362204,-3447.3427471109935,1.2341242,13.814939
191.28534445561354,2448.5573117072054,984.4410678256892,1.0715666,14.628616
1354.3423513859368,-1143.7744870341382,1914.8164103892602,2.6060104,14.084589
-1403.2171911417086,27.440784528281934,-6545.850836883897,2.0147467,12.588559
1347.9159917991028,-2221.615705986918,1455.8866695825072,1.8308573,13.794156
-604.0662997113486,242.38286374267557,-923.2437981142177,1.6605053,17.82049
61.88805482724113,-1384.7323821239906,649.1403727781271,1.1457014,15.874588
-492.24410138399713,800.6635206263304,-1501.8181415046076,1.0842342,16.739056
321.32487755315447,933.0380793506902,-10.430797335164579,2.3409271,18.349667
20.240155094337165,-140.02761300735708,-44.193254363802154,1.4711113,20.04272
-622.5692410755585,-230.76651905756518,-1940.0031424525096,1.1100903,17.054573
25.48740595478075,-39.96763412805397,-782.7335838156348,2.2177658,17.748241
503.9197385005813,86.21450472518244,-143.01907064162157,2.2068481,17.40042
-75.75029461763815,90.36877532362053,61.72872632056817,0.84899044,10.025202
65.63765442696841,-1586.2589675742045,-739.9482067580286,1.7594643,17.094685
-1061.8281434025912,-1133.080877053807,-1953.5053268651104,1.4865122,16.453192
-519.0213347337608,-236.03521996726943,-809.5614080474418,1.0132837,14.947934
285.5352629556549,2401.640364038048,1139.7964348977205,2.159625,14.285515
-182.71102397376652,-571.7179203656341,-636.1052963722381,1.9138432,17.856974
53.5796372777539,-373.38145264903284,173.84682530209523,2.2924862,18.410543
-97.10110545528455,-708.5617150357501,-318.11656128910863,2.4254398,18.273232
-537.9074234640542,741.5061230910443,-723.7200697359073,0.88582134,14.260177
-46.11060072190019,-1114.1253690543783,-380.6442232153774,0.9696741,12.39431
-160.2673609000026,-649.2750114963078,-390.8192341588552,2.423895,18.060593
-534.937460484341,554.4828797436243,-914.4780619169953,1.8249454,18.317663
-1472.976038866068,2216.5148387161785,-1647.1004423807885,0.9452162,15.901232
155.61281825072444,-926.6985464073455,-435.98813089484594,1.7445011,17.665323
-286.07278014305956,-196.91702038728684,-476.79418931081096,1.7993488,16.295399
55.47799805447332,-1249.2630240669891,271.86531183827213,1.7008553,17.795094
-1139.8345707006765,1687.7689413497599,-860.8537520839355,0.809289,16.061079
-619.7864871155102,407.81830744752165,-262.57640349535706,0.80454826,13.435645
-1272.9088686653504,-617.5690307872806,-2251.6179413940604,1.2710361,16.739107
620.3333368612684,-708.970409901707,275.8168834235935,1.4279823,17.013386
156.48572672964534,159.28063806769626,654.357578594643,1.4608774,15.4348
769.2535791378826,-737.4863985174384,251.99482018443112,1.1370049,15.9194355
-66.73172291482847,-206.04065264183262,-129.7082997300989,1.2802057,15.649359
743.476468849836,-1329.7466597037903,458.28139180858113,1.0004177,14.62231
-308.0637305833051,-334.2900749539974,-134.14089185923643,-0.12108803,18.981064
310.4010189142132,-1983.0096981094557,1121.442361605919,1.3197327,16.793165
451.12491351988547,-219.20495833069805,822.6890039662778,1.3215446,14.114877
-1022.2390830146032,1012.8656000947701,-1633.7153309233815,1.9952793,17.792284
1166.7919345191315,-978.4804209132294,707.0493000831929,1.0973816,17.220692
1293.9424154183005,-1921.069484514058,141.41990843393515,1.0010834,16.949694
-39.947885155785244,596.4295265942918,258.3815564974212,2.4137764,18.317339
118.02749456932276,133.5277179891697,-256.2425942663372,2.3210678,17.405777
-330.2164721231688,-34.22679645990634,-764.7704818139707,2.3010807,17.98259
-503.5504261641911,340.8818149452059,-442.8484607422659,2.428257,19.344988
887.7928961554059,-3038.146074953301,-43.08973428747939,0.8816347,15.081202
1152.1627947657364,-2324.17348436231,3207.7878931671275,0.8118067,15.546102
1228.7594104969567,586.6926675251746,1609.3264123621495,0.7264929,13.377497
1362.9038843201233,745.2854724067686,2093.5340039569646,0.939291,16.314232
298.553093043232,362.35656512306264,286.9861357492774,2.7270737,18.882824
1185.1396873915103,100.20028233717271,470.08099901278314,1.4637032,17.986082
474.1439485697941,-378.90053170954513,386.5390262296994,2.3217926,18.654255
-204.6792894190019,-1255.8671803086795,637.3974699202031,0.97887135,16.339296
-128.8570234658863,1096.84985638589,437.4297459586267,1.5754738,17.433683
54.61373463117601,-1642.5934999169967,-568.6160342075362,2.1487484,17.54937
-573.9346716978312,246.86231873120855,-879.0804179063209,1.1403646,16.205776
1741.7808293968537,-1400.89016133518,683.8978554196317,1.0839405,17.081957
-702.8343120041407,1554.300474619511,-49.6299880443445,1.2694168,17.67047
-478.3352833102067,1075.4598140942858,-686.0536145346146,1.2273922,17.092373
-557.6851134761196,1155.6736631347485,-2560.6556315796743,0.58677006,16.15527
131.0775162065749,210.68703170643155,464.4705827178391,2.7048721,19.52164
-466.5322577496055,-513.0711158920293,-1140.2332477018917,1.7611904,16.332815
2798.27917977593,-2711.0633918044477,1959.1366984817014,1.4788685,15.477242
72.7777193823603,-18.08188481566559,-456.2298760100656,2.7576485,18.983337
313.54834009819996,219.56649816489124,-68.565126364523,3.2142296,19.37447
-544.8943172993828,-1100.3929776976731,-1556.6090243517265,1.1058569,15.39642
544.161120723306,836.1329230981631,767.1039663571572,1.6768837,17.504684
-95.22423528565197,-498.14603776677313,229.84441141205386,0.89755726,13.528889
81.57498374684123,-1929.691333137288,-991.4190456836925,1.1744146,16.498478
272.81770727402386,-692.2288604998365,-173.50159844018313,1.6537113,17.175188
-16.852377889734466,-1325.246181218146,-1135.6317001003656,0.8846369,15.730812
-800.2626398948355,-86.32486931654165,-380.986051532697,2.2734776,18.369228
-428.7893171234571,-596.910766117464,-819.4918791806142,1.8838196,18.381302
2232.210020413129,224.19163504566936,325.74314390515474,0.8520794,17.144344
141.75720123726234,-1330.6095128245522,396.5532637339007,0.9088669,14.885153
88.88677748270528,-867.6874452132513,-293.41423633356277,2.1319962,18.560976
31.360574170248068,-1282.54660914581,11.14856593243328,1.5882378,17.478813
794.8346868274982,-235.96947887423948,253.79473519002894,0.9267502,14.345864
-1438.4024259097632,480.70577291012313,-2989.7476856381336,1.3853426,16.129013
-253.2465325926756,817.4125546555581,-293.5943906389492,1.6436138,17.288881
-449.10488200785295,-837.109975301599,-429.5864095783692,1.3624039,16.687998
-1061.829692506359,-661.307437398984,-993.6601093476328,0.8816595,15.965525
772.3405494518817,-1071.4059852882067,1410.0315959862514,1.6105843,17.92715
898.1544381321222,-118.39768177801447,286.32587150423996,0.9541607,15.089654
683.3160172254243,-288.3793561303812,169.33285638955604,1.7041073,17.511486
-1900.8565584545167,954.8931713278288,-1966.9183792745405,0.97724915,17.051006
819.0595794491022,-1005.4750617094276,1398.4829985790889,1.2820377,16.784206
-747.2872154853632,325.0834216147555,-1363.4502303696638,1.5067825,17.03447
403.3658583642056,-2244.2614529474586,-452.8126611464535,2.1917048,16.105852
247.87236773972194,-562.7607528903745,575.369762047536,2.3436584,18.695875
937.3260769385287,-2752.525924215126,361.210995739697,2.586773,15.264793
-1012.8491940486059,293.799344584532,-1559.2678734951703,1.369791,16.765755
167.56741349095128,345.06711351531914,644.6463978948063,2.5108013,18.838707
954.706767442989,-1731.8623808617183,503.407207653362,0.98689365,14.575305
-82.00151713099348,-1684.4080629332568,467.5120394104023,1.1131859,16.308083
214.48189147781636,-1608.7051718425241,-813.5047042903468,1.277976,16.769888
977.1568364758534,-2157.4247904629087,1243.7417420428112,1.3026428,17.268633
298.0683210757497,570.8895369347234,-506.12418351219696,1.6126461,17.388529
-589.0450678000046,-2728.8852534128687,-3359.8792969491396,1.8871183,14.920161
-1088.6093380551451,-1524.8998266845927,-2868.2228341083355,3.2432709,16.399115
-507.7732811100786,-6051.701005773519,-1907.0086262368566,2.2784042,12.647523
-1469.0548900387578,4070.1345492035807,-423.49548202922784,1.2999735,11.828666
-55.96580030334516,703.3147392359558,60.78089922873657,2.570469,18.930927
402.53861689098574,-130.8851048582429,-20.599991957696723,0.78301525,11.71065
580.5665504355187,-1730.7945160085294,-434.01063825211605,1.3393917,17.598845
-746.1128588034907,154.87485639561987,-729.6209942252791,1.1911592,10.303208
-552.10249796188,24.94192380437074,-1045.4449987713285,1.5365276,17.2651
-1341.2342717936756,1041.64314441166,-1111.5087136991986,0.87416077,16.512943
-2.1397839755546992,257.10014450288514,-285.02188339253235,2.3568106,16.848675
320.63950991117804,-1963.0956297474906,-2100.519884670066,2.2152681,10.585935
-941.3306876129675,-924.4948326140562,-230.36648787722163,1.0216064,15.654491
1224.7487300685964,-506.7104936163419,1088.4894627594886,1.1963539,17.954575
255.58437523629752,-455.31971714607005,340.04284705276933,1.7765865,16.712162
154.01113291429888,130.84874288913778,645.0896537015493,1.0194511,12.525559
503.3748493940404,-277.700409958743,2187.7130232928635,1.3661251,16.999329
669.3649468088763,-149.0911499043089,151.523437366179,1.224988,12.631852
